x,ell,p,c_estimate,c_lower,c_upper,top_bottom_code,left_code_minus,right_code,patterns,kappa_estimate,kappa_lower,kappa_upper
0.30,1,1,0.26852478349901771,0.26852478249901762,0.26852478449901779,3,0,0,2,-0.074099133996070821,-0.074099137996170836,-0.074099129995970806
0.30,2,1,0.48228705844076303,0.48228705744076295,0.48228705944076311,1,2,3,8,0.035425883118474388,0.035425881118374379,0.035425885118574398
0.30,2,2,0.48228705844076258,0.4822870574407625,0.48228705944076267,9,0,3,8,0.035425883118474388,0.035425881118374379,0.035425885118574398
0.30,3,1,0.61098703559397283,0.61098703459397274,0.61098703659397291,17,4,7,32,0.12372750059114879,0.12372749925771544,0.12372750192458214
0.30,3,2,0.74963905248196827,0.74963905148196819,0.74963905348196835,35,4,5,32,0.12372750059114879,0.12372749925771544,0.12372750192458214
0.30,3,3,0.61098703559397416,0.61098703459397408,0.61098703659397424,49,2,1,32,0.12372750059114879,0.12372749925771544,0.12372750192458214
0.30,4,1,0.67249102923886994,0.67249102823886986,0.67249103023887002,85,4,13,128,0.2295154696743249,0.22951546867422487,0.22951547067442493
0.30,4,2,0.86847803141248114,0.86847803041248106,0.86847803241248123,83,8,11,128,0.2295154696743249,0.22951546867422487,0.22951547067442493
0.30,4,3,0.86847803141248292,0.86847803041248284,0.868478032412483,45,9,12,128,0.2295154696743249,0.22951546867422487,0.22951547067442493
0.30,4,4,0.67249102923886639,0.67249102823886631,0.67249103023886647,85,2,10,128,0.2295154696743249,0.22951546867422487,0.22951547067442493
0.30,5,1,0.70611022830748205,0.70611022730748196,0.70611022930748213,837,20,11,512,0.31741511388303623,0.31741511308293618,0.31741511468313627
0.30,5,2,0.93611290144849946,0.93611290044849937,0.93611290244849954,325,20,11,512,0.31741511388303623,0.31741511308293618,0.31741511468313627
0.30,5,3,0.98170927871905889,0.9817092777190588,0.98170927971905897,651,24,10,512,0.31741511388303623,0.31741511308293618,0.31741511468313627
0.30,5,4,0.93611290144850301,0.93611290044850293,0.93611290244850309,853,18,5,512,0.31741511388303623,0.31741511308293618,0.31741511468313627
0.30,5,5,0.70611022830748027,0.70611022730748019,0.70611022930748035,171,4,27,512,0.31741511388303623,0.31741511308293618,0.31741511468313627
0.30,6,1,0.72317511497174181,0.72317511397174172,0.72317511597174189,1365,20,53,2048,0.3917368944895594,0.3917368938227927,0.39173689515632609
0.30,6,2,0.96970957001185454,0.96970956901185446,0.96970957101185462,2699,40,43,2048,0.3917368944895594,0.3917368938227927,0.39173689515632609
0.30,6,3,1.0442992898133845,1.0442992888133842,1.0442992908133848,2699,40,43,2048,0.3917368944895594,0.3917368938227927,0.39173689515632609
0.30,6,4,1.0442992898133845,1.0442992888133842,1.0442992908133848,1365,18,42,2048,0.3917368944895594,0.3917368938227927,0.39173689515632609
0.30,6,5,0.96970957001185809,0.96970956901185801,0.96970957101185817,1365,10,42,2048,0.3917368944895594,0.3917368938227927,0.39173689515632609
0.30,6,6,0.72317511497174181,0.72317511397174172,0.72317511597174189,683,20,52,2048,0.3917368944895594,0.3917368938227927,0.39173689515632609
